{
	"id": "f93f5050e20179104316053fa1e55919",
	"_format": "hh-sol-build-info-1",
	"solcVersion": "0.8.31",
	"solcLongVersion": "0.8.31+commit.fd3a2265",
	"input": {
		"language": "Solidity",
		"sources": {
			"contracts/Try.sol": {
				"content": "// SPDX-License-Identifier: MIT\r\n// select version of solidity\r\npragma solidity >=0.7.0 <0.9.0;\r\n\r\n\r\n\r\n"
			}
		},
		"settings": {
			"optimizer": {
				"enabled": false,
				"runs": 200
			},
			"outputSelection": {
				"*": {
					"": [
						"ast"
					],
					"*": [
						"abi",
						"metadata",
						"devdoc",
						"userdoc",
						"storageLayout",
						"evm.legacyAssembly",
						"evm.bytecode",
						"evm.deployedBytecode",
						"evm.methodIdentifiers",
						"evm.gasEstimates",
						"evm.assembly"
					]
				}
			},
			"remappings": []
		}
	},
	"output": {
		"sources": {
			"contracts/Try.sol": {
				"ast": {
					"absolutePath": "contracts/Try.sol",
					"exportedSymbols": {},
					"id": 2,
					"license": "MIT",
					"nodeType": "SourceUnit",
					"nodes": [
						{
							"id": 1,
							"literals": [
								"solidity",
								">=",
								"0.7",
								".0",
								"<",
								"0.9",
								".0"
							],
							"nodeType": "PragmaDirective",
							"src": "64:31:0"
						}
					],
					"src": "64:39:0"
				},
				"id": 0
			}
		}
	}
}